Hour,USD/kg
1,0.119059633
2,0.119059633
3,0.119059633
4,0.119059633
5,0.119059633
6,0.119059633
7,0.119059633
8,0.119059633
9,0.119059633
10,0.119059633
11,0.119059633
12,0.119059633
13,0.119059633
14,0.119059633
15,0.119059633
16,0.119059633
17,0.119059633
18,0.119059633
19,0.119059633
20,0.119059633
21,0.119059633
22,0.119059633
23,0.119059633
24,0.119059633
